cophenetic_distance,Accession,prop_hits,Species,Genus,Genus_clean,Length,Authors,Publications,Geo_Location,Host,Isolation_Source,Collection_Date,GenBank_Title,Species_clean,Host_taxID,log_cophenetic_distance,studres
0.38114636735007,AY714217,0.732919254658385,Severe acute respiratory syndrome-related coronavirus,Betacoronavirus,Betacoronavirus,29727,"Liu,X., Frace,M., Rota,P.A., Matsuoka,Y., Comer,A., Ksiazek,T., Rollin,P., Cox,N., Bellini,W., Anderson,L., Suliamen,I.","",USA,Homo sapiens,oronasopharynx,"","SARS Coronavirus CDC#200301157, complete genome",SARS,9606,-0.964571811355256,1.44016256964959
0.38132469693833,GU553365,0.732919254658385,Severe acute respiratory syndrome-related coronavirus,Betacoronavirus,Betacoronavirus,29644,"Spiro,D., Halpin,R., Wang,S., Hostetler,J., Hine,E., Overton,L., Tsitrin,T., Katzel,D., Sarmiento,M., Sitz,J., Amedeo,P., Caler,E., Lorenzi,H., Schobel,S., Sundaram,J., Poon,L., Harrod,K.","",USA,Chlorocebus aethiops,lung,12/5/2007,"SARS coronavirus HKU-39849 isolate TCVSP-HARROD-00003, complete genome",SARS,9534,-0.964104043855965,1.44283807716053
0.38248931543548,JF292915,0.732919254658385,Severe acute respiratory syndrome-related coronavirus,Betacoronavirus,Betacoronavirus,29646,"Town,C., Halpin,R., Motley,J., Hostetler,J., Fedorova,N., Overton,L., Stockwell,T., Katzel,D., Li,K., Axelrod,N., Amedeo,P., Schobel,S., Shrivastava,S., Wang,S., Resnick,A., Thovarai,V., Kim,M., Eckerle,L.D., Becker,M.M., Donaldson,E.F., Lu,X., Graham,R.L., Baric,R.S., Denison,M.R.","","USA: Nashville, TN",Mus musculus,unknown,10/10/2008,"SARS coronavirus MA15 isolate d4ym5, complete genome",SARS,10090,-0.961054559607707,1.46028463266573
0.38163922188898,AY686864,0.732919254658385,Severe acute respiratory syndrome-related coronavirus,Betacoronavirus,Betacoronavirus,29525,"Xu,J., Kan,B., Yan,M., Xu,Y.","","",Paradoxurus hermaphroditus,unknown,"","SARS coronavirus B039, complete genome",SARS,71117,-0.963279561961853,1.44755432358386
0.38202116009732,AY572034,0.739130434782609,Severe acute respiratory syndrome-related coronavirus,Betacoronavirus,Betacoronavirus,29540,"Wang,M., Yan,M., Xu,H., Liang,W., Kan,B., Zheng,B., Chen,H., Zheng,H., Xu,Y., Zhang,E., Wang,H., Ye,J., Li,G., Li,M., Cui,Z., Liu,Y.F., Guo,R.T., Liu,X.N., Zhan,L.H., Zhou,D.H., Zhao,A., Hai,R., Yu,D., Guan,Y., Xu,J.",16485471,China: Southern China,Paguma larvata,feces,"","SARS coronavirus civet007, complete genome",SARS,9675,-0.962279278984772,1.58370952620417
0.37407344178598,KY417146,0.751552795031056,Severe acute respiratory syndrome-related coronavirus,Betacoronavirus,Betacoronavirus,29782,"Hu,B., Zeng,L.P., Yang,X.L., Ge,X.Y., Zhang,W., Li,B., Xie,J.Z., Shen,X.R., Zhang,Y.Z., Wang,N., Luo,D.S., Zheng,X.S., Wang,M.N., Daszak,P., Wang,L.F., Cui,J., Shi,Z.L., Wang,L.",29190287,China,Rhinolophus sinicus,unknown,4/17/2013,"Bat SARS-like coronavirus isolate Rs4231, complete genome",SARS-like,89399,-0.983303132433646,1.72471778219045
0.36824616514268,KT444582,0.745341614906832,SARS-like coronavirus WIV16,Betacoronavirus,Betacoronavirus,30290,"Yang,X.L., Hu,B., Wang,B., Wang,M.N., Zhang,Q., Zhang,W., Wu,L.J., Ge,X.Y., Zhang,Y.Z., Daszak,P., Wang,L.F., Shi,Z.L., Yang,X.-L., Li,W., Wang,M.-N., Wu,L.-J., Li,B., Ge,X.-Y., Zeng,L.-P., Zhang,Y.-Z., Shi,Z.-L.",26719272,China,Rhinolophus sinicus,feces,7/21/2013,"SARS-like coronavirus WIV16, complete genome",SARS-like coronavirus,89399,-0.999003637427008,1.50359910987009
0.36607670899598,MK211376,0.745341614906832,Coronavirus BtRs-BetaCoV/YN2018B,Betacoronavirus,Betacoronavirus,30256,"Han,Y., Wu,Z.","",China,Rhinolophus affinis,unknown,2016-09,"Coronavirus BtRs-BetaCoV/YN2018B, complete genome",Coronavirus BtRs-BetaCoV/YN2018B,59477,-1.00491238012044,1.46975006392403
0.36234254081518,KC881006,0.763975155279503,Severe acute respiratory syndrome-related coronavirus,Betacoronavirus,Betacoronavirus,29792,"Ge,X.Y., Li,J.L., Yang,X.L., Chmura,A.A., Zhu,G., Epstein,J.H., Mazet,J.K., Hu,B., Zhang,W., Peng,C., Zhang,Y.J., Luo,C.M., Tan,B., Wang,N., Zhu,Y., Crameri,G., Zhang,S.Y., Wang,L.F., Daszak,P., Shi,Z.L., Ge,X.-Y., Li,J.-L., Yang,X.-L., Zhang,Y.-J., Luo,C.-M., Wang,L.-F., Shi,Z.-L.",24172901,China,Rhinolophus sinicus,unknown,3/19/2012,"Bat SARS-like coronavirus Rs3367, complete genome",Bat SARS-like,89399,-1.01516526921848,1.80372088863907
0.3339292260999,KY770859,0.732919254658385,Bat coronavirus,Unknown,Betacoronavirus,29667,"Lin,X.D., Wang,W., Hao,Z.Y., Wang,Z.X., Guo,W.P., Guan,X.Q., Wang,M.R., Wang,H.W., Zhou,R.H., Li,M.H., Tang,G.P., Wu,J., Holmes,E.C., Zhang,Y.Z., Lin,X.-D., Hao,Z.-Y.H., Zhang,Y.-Z.",28384506,China,Rhinolophus sinicus,unknown,2013,"Bat coronavirus isolate Anlong-112, complete genome",Bat coronavirus,89399,-1.09682620636346,0.689215052890637
0.34248908141198,KY417145,0.726708074534162,Severe acute respiratory syndrome-related coronavirus,Betacoronavirus,Betacoronavirus,29710,"Hu,B., Zeng,L.P., Yang,X.L., Ge,X.Y., Zhang,W., Li,B., Xie,J.Z., Shen,X.R., Zhang,Y.Z., Wang,N., Luo,D.S., Zheng,X.S., Wang,M.N., Daszak,P., Wang,L.F., Cui,J., Shi,Z.L., Wang,L.",29190287,China,Rhinolophus ferrumequinum,unknown,9/18/2012,"Bat SARS-like coronavirus isolate Rf4092, complete genome",SARS-like,59479,-1.07151550087712,0.703833758003581
0.36086068148198,KU973692,0.732919254658385,Severe acute respiratory syndrome-related coronavirus,Betacoronavirus,Betacoronavirus,29722,"Wang,L., Fu,S., Cao,Y., Zhang,H., Feng,Y., Yang,W., Nie,K., Ma,X., Liang,G.",28352124,China,Rhinolophus pusillus,unknown,2012,"UNVERIFIED: SARS-related coronavirus isolate F46, complete genome",SARS-like,159858,-1.01926331900967,1.12843818594893
0.32049867728898,MK211378,0.739130434782609,Coronavirus BtRs-BetaCoV/YN2018D,Betacoronavirus,Betacoronavirus,30213,"Han,Y., Wu,Z.","",China,Rhinolophus affinis,unknown,2016-09,"Coronavirus BtRs-BetaCoV/YN2018D, complete genome",Bat Coronavirus BtRs-BetaCoV,59477,-1.13787712965339,0.585719728823724
0.31338229582298,KY417142,0.732919254658385,Severe acute respiratory syndrome-related coronavirus,Betacoronavirus,Betacoronavirus,29725,"Hu,B., Zeng,L.P., Yang,X.L., Ge,X.Y., Zhang,W., Li,B., Xie,J.Z., Shen,X.R., Zhang,Y.Z., Wang,N., Luo,D.S., Zheng,X.S., Wang,M.N., Daszak,P., Wang,L.F., Cui,J., Shi,Z.L., Wang,L.",29190287,China,Aselliscus stoliczkanus,unknown,5/12/2014,"Bat SARS-like coronavirus isolate As6526, complete genome",SARS-like,188568,-1.1603314413292,0.331000040263308
0.31421662496598,MK211377,0.726708074534162,Coronavirus BtRs-BetaCoV/YN2018C,Betacoronavirus,Betacoronavirus,29689,"Han,Y., Wu,Z.","",China,Rhinolophus affinis,unknown,2016-09,"Coronavirus BtRs-BetaCoV/YN2018C, complete genome",Coronavirus BtRs-BetaCoV/YN2018C,59477,-1.15767264251082,0.218057762599267
0.31772956943898,DQ071615,0.739130434782609,Severe acute respiratory syndrome-related coronavirus,Betacoronavirus,Betacoronavirus,29736,"Li,W., Shi,Z., Yu,M., Ren,W., Smith,C., Epstein,J.H., Wang,H., Crameri,G., Hu,Z., Zhang,H., Zhang,J., McEachern,J., Field,H., Daszak,P., Eaton,B.T., Zhang,S., Wang,L.F., Wang,L.-F.",16195424,China,Chiroptera,unknown,"","Bat SARS coronavirus Rp3, complete genome",Bat SARS-like,,-1.14655466857541,0.536748639913191
0.32107635721898,KJ473815,0.714285714285714,Severe acute respiratory syndrome-related coronavirus,Betacoronavirus,Betacoronavirus,29161,"Wu,Z., Yang,L., Ren,X., Zhang,J., Yang,F., Zhang,S., Jin,Q., He,G., Yang,J., Qian,Z., Dong,J., Sun,L., Zhu,Y., Du,J.","26433221, 26262818",China,Rhinolophus sinicus,unknown,2013,"BtRs-BetaCoV/GX2013, complete genome",Severe acute respiratory syndrome-related coronavirus,89399,-1.13607631118308,0.0840312789850378
0.32530501253791,KP886808,0.732919254658385,Severe acute respiratory syndrome-related coronavirus,Betacoronavirus,Betacoronavirus,29723,"Lau,S.K.P., Feng,Y., Chen,H., Luk,H.K.H., Yang,W.-H., Li,K.S.M., Zhang,Y.-Z., Huang,Y., Song,Z.-Z., Chow,W.-N., Fan,R.Y.Y., Ahmed,S., Yeung,H.C., Lam,C.S.F., Cai,J.-P., Chan,J.F.W., Yuen,K.-Y., Zhang,H.-L., Woo,P.C.Y.","",China,Rhinolophus ferrumequinum,unknown,5/23/2013,"Bat SARS-like coronavirus YNLF_31C, complete genome",Bat SARS-like,59479,-1.12299203665164,0.541530639813609
0.32122142111198,MK211374,0.708074534161491,Coronavirus BtRl-BetaCoV/SC2018,Betacoronavirus,Betacoronavirus,29648,"Han,Y., Wu,Z.","",China,Rhinolophus,unknown,2016-08,"Coronavirus BtRl-BetaCoV/SC2018, complete genome",Coronavirus BtRl-BetaCoV/SC2018,,-1.13562460824915,-0.041216429948583
0.33319852668198,KF569996,0.75776397515528,Severe acute respiratory syndrome-related coronavirus,Betacoronavirus,Betacoronavirus,29805,"He,B., Zhang,Y., Xu,L., Yang,W., Yang,F., Feng,Y., Xia,L., Zhou,J., Zhen,W., Guo,H., Zhang,H., Tu,C.",24719429,China,Rhinolophus affinis,unknown,2011,"Rhinolophus affinis coronavirus isolate LYRa11, complete genome",Severe acute respiratory syndrome-related coronavirus,59477,-1.09901679042197,1.19228035209982
0.32227071635198,JX993988,0.75776397515528,Severe acute respiratory syndrome-related coronavirus,Betacoronavirus,Betacoronavirus,29452,"Yang,L., Wu,Z., Ren,X., Yang,F., He,G., Zhang,J., Dong,J., Sun,L., Zhu,Y., Du,J., Zhang,S., Jin,Q., Yang,J., Qian,Z.","23739658, 26433221, 26262818",China,Chaerephon plicatus,unknown,2011,"Bat coronavirus Cp/Yunnan2011, complete genome",Bat SARS-like,478698,-1.13236335264425,1.00272636329419
0.31106962828198,DQ412043,0.739130434782609,Severe acute respiratory syndrome-related coronavirus,Betacoronavirus,Betacoronavirus,29749,"Li,W., Shi,Z., Yu,M., Ren,W., Smith,C., Epstein,J.H., Wang,H., Crameri,G., Hu,Z., Zhang,H., Zhang,J., McEachern,J., Field,H., Daszak,P., Eaton,B.T., Zhang,S., Wang,L.F., Ren,W.Z., Li,W.D., Zhou,P., Hao,P., Zhang,S.Y., Zhao,G.P., Zhong,Y., Wang,S.Y., Wang,L.-F., Shi,Z.L.",16195424,"",Rhinolophus macrotis,unknown,"","Bat SARS coronavirus Rm1, complete genome",Bat SARS-like,196889,-1.16773850671038,0.417255479160997
0.31390275415198,JX993987,0.745341614906832,Severe acute respiratory syndrome-related coronavirus,Betacoronavirus,Betacoronavirus,29484,"Yang,L., Wu,Z., Ren,X., Yang,F., He,G., Zhang,J., Dong,J., Sun,L., Zhu,Y., Du,J., Zhang,S., Jin,Q., Yang,J., Qian,Z.","23739658, 26433221, 26262818",China,Rhinolophus pusillus,unknown,2011-09,"Bat coronavirus Rp/Shaanxi2011, complete genome",Bat SARS-like,159858,-1.15867204119381,0.596576397773949
0.34133395633298,KY770860,0.745341614906832,Bat coronavirus,Unknown,Betacoronavirus,29651,"Lin,X.D., Wang,W., Hao,Z.Y., Wang,Z.X., Guo,W.P., Guan,X.Q., Wang,M.R., Wang,H.W., Zhou,R.H., Li,M.H., Tang,G.P., Wu,J., Holmes,E.C., Zhang,Y.Z., Lin,X.-D., Hao,Z.-Y.H., Zhang,Y.-Z.",28384506,China,Rhinolophus ferrumequinum,unknown,2012,"Bat coronavirus isolate Jiyuan-84, complete genome",Bat coronavirus,59479,-1.07489393685818,1.07079189079059
0.35789357278308,KJ473811,0.720496894409938,Severe acute respiratory syndrome-related coronavirus,Betacoronavirus,Betacoronavirus,29037,"Wu,Z., Yang,L., Ren,X., Zhang,J., Yang,F., Zhang,S., Jin,Q., He,G., Yang,J., Qian,Z., Dong,J., Sun,L., Zhu,Y., Du,J.","26433221, 26262818",China,Rhinolophus ferrumequinum,unknown,2012,"BtRf-BetaCoV/JL2012, complete genome",Severe acute respiratory syndrome-related coronavirus,59479,-1.02751961950753,0.824011283014178
0.19163610178308,MT040334,0.906832298136646,Pangolin coronavirus,Betacoronavirus,Betacoronavirus,29801,"Cao,W., Jia,N., Zhang,Y., Tong,Y., Jiang,J., Jiang,B., Li,J., Yuan,T., Li,W., Qiang,X., Qin,S., Pei,G.","",China,Manis javanica,unknown,2017,"Pangolin coronavirus isolate PCoV_GX-P1E, complete genome",Pangolin coronavirus,9974,-1.65215700852727,1.15253440130453
0.19176619373488,MT072864,0.900621118012422,Pangolin coronavirus,Betacoronavirus,Betacoronavirus,29795,"Cao,W., Jia,N., Zhang,Y., Tong,Y., Jiang,J., Jiang,B., Li,J., Yuan,T., Li,W., Qiang,X., Qin,S., Pei,G.","",China,Manis pentadactyla,unknown,2018,"Pangolin coronavirus isolate PCoV_GX-P2V, complete genome",Pangolin coronavirus,143292,-1.65147838996753,1.0261092523012
0.12846303319198,EPIISL410721,0.925465838509317,SARS-like,Betacoronavirus,Betacoronavirus,,"","","",Manis javanica,"",2019,"",SARS-like,,-2.05211409547438,-0.743774214658055
0.0853276560019801,EPIISL412977,0.84472049689441,SARS-like,Betacoronavirus,Betacoronavirus,,"","","",Rhinolophus malayanus,Faeces,25/06/2019,"",SARS-like,,-2.46125665661078,-5.2314595849148
0.04072956829898,MN996532,0.987577639751553,Severe acute respiratory syndrome-related coronavirus,Betacoronavirus,Betacoronavirus,29855,"Zhou,P., Yang,X.-L., Wang,X.-G., Hu,B., Zhang,L., Zhang,W., Si,H.-R., Zhu,Y., Li,B., Huang,C.-L., Chen,H.-D., Chen,J., Luo,Y., Guo,H., Jiang,R.-D., Liu,M.-Q., Chen,Y., Shen,X.-R., Wang,X., Zheng,X.-S., Zhao,K., Chen,Q.-J., Deng,F., Liu,L.-L., Yan,B., Zhan,F.-X., Wang,Y.-Y., Xiao,G.-F., Shi,Z.-L., Yu,P., Si,H.R., Yang,X.L., Shi,Z.L.","",China,Rhinolophus affinis,feces,7/24/2013,"Bat coronavirus RaTG13, complete genome",Bat Coronavirus RaTG13,59477,-3.20080095647006,-7.17990424873497
0.45880484178198,KY352407,0.670807453416149,Severe acute respiratory syndrome-related coronavirus,Betacoronavirus,Betacoronavirus,29274,"Tao,Y., Tong,S., Chommanard,C., Kuzmin,I.",31296683,Kenya,Rhinolophus sp.,feces,2007-08,"Severe acute respiratory syndrome-related coronavirus strain BtKY72, complete genome",SARS-like,,-0.779130340639667,1.2008464388085
0.44530089038198,NC_014470,0.639751552795031,Bat coronavirus BM48-31/BGR/2008,Unknown,Betacoronavirus,29276,"Drexler,J.F., Gloza-Rausch,F., Glende,J., Corman,V.M., Muth,D., Goettsche,M., Seebens,A., Niedrig,M., Pfefferle,S., Yordanov,S., Zhelyazkov,L., Hermanns,U., Vallo,P., Lukashev,A., Muller,M.A., Deng,H., Herrler,G., Drosten,C.",20686038,Bulgaria,Rhinolophus blasii,unknown,2008,"Bat coronavirus BM48-31/BGR/2008, complete genome",Bat coronavirus BM48-31/BGR/2008,519037,-0.809005067146081,0.391578636715353
1.21676897795198,KF636752,0.267080745341615,Bat Hp-betacoronavirus Zhejiang2013,Betacoronavirus,Betacoronavirus,31491,"Wu,Z., Yang,L., Ren,X., Zhang,J., Yang,F., Zhang,S., Jin,Q., He,G., Yang,J., Qian,Z., Dong,J., Sun,L., Zhu,Y., Du,J.","26433221, 26262818",China,Hipposideros pratti,unknown,4/29/2013,"Bat Hp-betacoronavirus/Zhejiang2013, complete genome",Bat Hp-betacoronavirus Zhejiang2013,188569,0.196198966858182,-1.61005284813982
1.73249646715198,KU762338,0.248447204968944,Rousettus bat coronavirus GCCDC1,Betacoronavirus,Betacoronavirus,30161,"Huang,C., Liu,J., Xu,W., Jin,T., Shi,Y., Ji,W., Jia,H., Zhou,Y., Wen,H., Zhao,H., Liu,H., Li,H., Wang,Q., Wu,Y., Wang,L., Liu,D., Liu,G., Yu,H., Holmes,E., Lu,L., Gao,G.F.","",China,Rousettus leschenaultii,feces,5/28/2014,"Rousettus bat coronavirus isolate GCCDC1 356, complete genome",Rousettus bat coronavirus GCCDC1,9408,0.549563412917926,-0.00532970949952601
1.81075438646198,MK492263,0.248447204968944,Bat coronavirus,Unknown,Betacoronavirus,29585,"Lim,X.F., Lee,C.B., Pascoe,S.M., How,C.B., Chan,S., Tan,J.H., Yang,X., Zhou,P., Shi,Z., Sessions,O.M., Wang,L.-F., Ng,L.C., Anderson,D.E., Yap,G.","",Singapore,Cynopterus brachyotis,unknown,2015,"Bat coronavirus strain BtCoV92, complete genome",Bat coronavirus,58060,0.593743546546241,0.241069744884124
1.81826536368198,MK211379,0.236024844720497,Coronavirus BtRt-BetaCoV/GX2018,Betacoronavirus,Betacoronavirus,29752,"Han,Y., Wu,Z.","",China,Rhinolophus affinis,unknown,2016-09,"Coronavirus BtRt-BetaCoV/GX2018, complete genome",Bat Coronavirus BtRt-BetaCoV,59477,0.597882949725039,0.0110964912554232
1.85162266284198,HM211101,0.22360248447205,Rousettus bat coronavirus HKU9,Betacoronavirus,Betacoronavirus,29122,"Lau,S.K., Poon,R.W., Wong,B.H., Wang,M., Huang,Y., Xu,H., Guo,R., Li,K.S., Gao,K., Chan,K.H., Zheng,B.J., Woo,P.C., Yuen,K.Y., Lau,S.K.P., Poon,R.W.S.",20702646,China: Guangdong province,Rousettus leschenaultii,unknown,4/10/2006,"Bat coronavirus HKU9-10-2, complete genome",Rousettus bat coronavirus HKU9,9408,0.616062369699329,-0.140555067576935
1.95923463832198,MG762674,0.211180124223602,Rousettus bat coronavirus HKU9,Betacoronavirus,Betacoronavirus,29134,"Luo,Y., Li,B., Jiang,R.D., Hu,B.J., Luo,D.S., Zhu,G.J., Hu,B., Liu,H.Z., Zhang,Y.Z., Yang,X.L., Shi,Z.L.",29500692,China,Rousettus sp.,unknown,11/1/2009,"Rousettus bat coronavirus HKU9 isolate Rousettus spp/Jinghong/2009, complete genome",Rousettus bat coronavirus HKU9,,0.672553906329046,-0.0785583361951313
1.82778877179198,MK679660,0.15527950310559,Hedgehog coronavirus 1,Betacoronavirus,Betacoronavirus,30172,"Saldanha,I.F., Lawson,B., Goharriz,H., Rodrigues-Ramos Fernamdez,J., John,S., Fooks,A.R., Cunningham,A.A., Johnson,N., Horton,D.L.","",United Kingdom,Erinaceus europaeus,unknown,2014,"Hedgehog coronavirus 1, complete genome",Hedgehog coronavirus 1,9365,0.603106914819249,-1.61810970611331
1.81348500197888,MK907287,0.161490683229814,Erinaceus hedgehog coronavirus HKU31,Betacoronavirus,Betacoronavirus,29951,"Lau,S.K.P., Luk,H.K.H., Wong,A.C.P., Fan,R.Y.Y., Lam,C.S.F., Li,K.S.M., Ahmed,S.S., Chow,F.W., Cai,J.-P., Zhu,X., Chan,J.F.W., Lau,T.C.K., Cao,K., Li,M., Woo,P.C.Y., Yuen,K.-Y., Chow,F.W.N.","",China,Erinaceus amurensis,unknown,2014-08,"Erinaceus hedgehog coronavirus HKU31 strain Rs13, complete genome",Erinaceus hedgehog coronavirus HKU31,757341,0.595250409499221,-1.5333633564672
1.87500698593198,NC_034440,0.15527950310559,Bat coronavirus,Unknown,Betacoronavirus,29642,"Anthony,S.J., Gilardi,K., Menachery,V.D., Goldstein,T., Ssebide,B., Mbabazi,R., Navarrete-Macias,I., Liang,E., Wells,H., Hicks,A., Petrosov,A., Byarugaba,D.K., Debbink,K., Dinnon,K.H., Scobey,T., Randell,S.H., Yount,B.L., Cranfield,M., Johnson,C.K., Baric,R.S., Lipkin,W.I., Mazet,J.A., Gilardi,K.V., Wells,H.L., Hicks,A.L., Byarugaba,D., Mazet,J.K.",28377531,Uganda,Pipistrellus hesperidus,feces,2/20/2013,"Bat coronavirus isolate PREDICT/PDF-2180, complete genome",Bat coronavirus,294653,0.628612385245822,-1.4725704093636
1.85925196294198,KC869678,0.161490683229814,Middle East respiratory syndrome-related coronavirus,Betacoronavirus,Betacoronavirus,30111,"Ithete,N.L., Stoffberg,S., Corman,V.M., Cottontail,V.M., Richards,L.R., Schoeman,M.C., Drosten,C., Drexler,J.F., Preiser,W., Stoffberg Hockey,S., Richards,L.","24050621, 25031349",South Africa,Neoromicia capensis,unknown,2011,"Coronavirus Neoromicia/PML-PHE1/RSA/2011, complete genome",MERS,110938,0.62017423637158,-1.39148392757292
1.81813237524998,KX108943,0.130434782608696,Middle East respiratory syndrome-related coronavirus,Betacoronavirus,Betacoronavirus,30088,"Lau,S.K., Wernery,R., Wong,E.Y., Joseph,S., Tsang,A.K., Patteril,N.A., Elizabeth,S.K., Chan,K.H., Muhammed,R., Kinne,J., Yuen,K.Y., Wernery,U., Woo,P.C., Lau,S.K.P., Wong,E.Y.M., Tsang,A.K.L., Woo,P.C.Y.",27999424,United Arab Emirates,Camelus dromedarius,unknown,4/23/2015,"Middle East respiratory syndrome coronavirus isolate D998/15, complete genome",MERS,9838,0.597809806773356,-2.17287892106584
1.81843331916218,MK967708,0.130434782608696,Middle East respiratory syndrome-related coronavirus,Betacoronavirus,Betacoronavirus,30106,"Shaheen,M.A., Hagag,N.M., Hanafy,S., Ibrahim,E., Mansour,A., Nubie,O., Lubroth,J., Von Dobschuetz,S., Makonnen,Y.","",Egypt,Camelus,unknown,2018,"Middle East respiratory syndrome-related coronavirus isolate Merscov/Egypt/Camel/AHRI-FAO-1/2018, complete genome",MERS,,0.597975316728724,-2.17191314107835
1.8173569452912,KF600630,0.136645962732919,Middle East respiratory syndrome-related coronavirus,Betacoronavirus,Betacoronavirus,30081,"Cotten,M., Watson,S.J., Kellam,P., Al-Rabeeah,A.A., Makhdoom,H.Q., Assiri,A., Al-Tawfiq,J.A., Alhakeem,R.F., Madani,H., AlRabiah,F.A., Al Hajjar,S., Al-nassir,W.N., Albarrak,A., Flemban,H., Balkhy,H.H., Alsubaie,S., Palser,A.L., Gall,A., Bashford-Rogers,R., Rambaut,A., Zumla,A.I., Memish,Z.A., Zumla,A.",24055451,Saudi Arabia,Homo sapiens,unknown,5/13/2013,"Middle East respiratory syndrome coronavirus isolate Buraidah_1_2013, complete genome",MERS,9606,0.597383217721831,-2.04326680462912
1.81851022322701,KT751244,0.142857142857143,Middle East respiratory syndrome-related coronavirus,Betacoronavirus,Betacoronavirus,30107,"Wernery,U., Rasoul,I.E., Wong,E.Y., Joseph,M., Chen,Y., Jose,S., Tsang,A.K., Patteril,N.A., Chen,H., Elizabeth,S.K., Yuen,K.Y., Joseph,S., Xia,N., Wernery,R., Lau,S.K., Woo,P.C., El Rasoul,H., Wong,E.Y.M., Tsang,A.K.L., Patteril,N.A.G., Yuen,K.-Y., Lau,S.K.P., Woo,P.C.Y.",26632876,United Arab Emirates: Dubai,Camelus bactrianus,unknown,"","Middle East respiratory syndrome coronavirus strain D2731.3/14, complete genome",MERS,9837,0.598017607220146,-1.90818262145407
1.8181766469334,MN507638,0.130434782608696,Middle East respiratory syndrome-related coronavirus,Betacoronavirus,Betacoronavirus,30033,"Rodon,J., Okba,N.M.A., Nigeer,T., van Dieren,B., Bosch,B.-J., Bensaid,A., Segales,J., Haagmans,B.L., Vergara-Alert,J.","",Qatar,Lama glama,oronasopharynx,"","Middle East respiratory syndrome-related coronavirus isolate llama-passaged-Qatar15, complete genome",MERS,9844,0.597834156564945,-2.17273683326626
2.00145006306198,KU182965,0.167701863354037,Bat coronavirus,Unknown,Betacoronavirus,30321,"Xu,L., Zhang,F., Yang,W., Jiang,T., Lu,G., He,B., Li,X., Hu,T., Chen,G., Feng,Y., Zhang,Y., Fan,Q., Feng,J., Zhang,H., Tu,C.",26847648,China,Myotis daubentonii,abdominal cavity,2012-12,"Bat coronavirus isolate JPDB144, complete genome",Bat coronavirus,98922,0.693871949382548,-0.847333398543923
2.00435683277198,KJ473822,0.161490683229814,Tylonycteris bat coronavirus HKU4,Betacoronavirus,Betacoronavirus,30247,"Wu,Z., Yang,L., Ren,X., Zhang,J., Yang,F., Zhang,S., Jin,Q., He,G., Yang,J., Qian,Z., Dong,J., Sun,L., Zhu,Y., Du,J.","26433221, 26262818",China,Tylonycteris pachypus,unknown,2012,"BtTp-BetaCoV/GX2012, complete genome",Tylonycteris bat coronavirus HKU4,258959,0.69532322763723,-0.966730845529722
2.01034539514198,MN611519,0.161490683229814,Tylonycteris pachypus bat coronavirus HKU4-related,Betacoronavirus,Betacoronavirus,30224,"Li,B., Si,H.R., Zhu,Y., Yang,X.L., Anderson,D.E., Shi,Z.L., Wang,L.F., Zhou,P.","",China,Tylonycteris pachypus,unknown,2018-03,"Tylonycteris pachypus bat coronavirus HKU4-related isolate GZ131656, complete genome",Tylonycteris pachypus bat coronavirus HKU4-related,258959,0.698306545687556,-0.949947502168513
1.95977897266198,EF065509,0.161490683229814,Pipistrellus bat coronavirus HKU5,Betacoronavirus,Betacoronavirus,30482,"Woo,P.C., Wang,M., Lau,S.K., Xu,H., Poon,R.W., Guo,R., Wong,B.H., Gao,K., Tsoi,H.W., Huang,Y., Li,K.S., Lam,C.S., Chan,K.H., Zheng,B.J., Yuen,K.Y., Woo,P.C.Y., Lau,S.K.P., Xu,H.F., Poon,R.W.S., Guo,R.T., Wong,B.H.L., Li,K.S.M.",17121802,China: Guangdong province,Pipistrellus abramus,unknown,"","Bat coronavirus HKU5-1, complete genome",Pipistrellus bat coronavirus HKU5,105295,0.672831697833508,-1.09343693786562
1.97514802545198,MN611520,0.167701863354037,Pipistrellus abramus bat coronavirus HKU5-related,Betacoronavirus,Betacoronavirus,30511,"Li,B., Si,H.R., Zhu,Y., Yang,X.L., Anderson,D.E., Shi,Z.L., Wang,L.F., Zhou,P.","",China,Pipistrellus abramus,unknown,2018-03,"Pipistrellus abramus bat coronavirus HKU5-related isolate BY140568, complete genome",Pipistrellus abramus bat coronavirus HKU5-related,105295,0.680643345140444,-0.9216564236548
1.84741391184198,MG596802,0.192546583850932,Middle East respiratory syndrome-related coronavirus,Betacoronavirus,Betacoronavirus,30048,"Moreno,A., Lelli,D., de Sabato,L., Zaccaria,G., Boni,A., Sozzi,E., Prosperi,A., Lavazza,A., Cella,E., Castrucci,M.R., Cicozzi,M., Vaccari,G., De Sabato,L.",29258555,Italy,Hypsugo savii,unknown,2011,"Middle East respiratory syndrome-related coronavirus isolate Bat-CoV/H.savii/Italy/206645-40/2011, complete genome",MERS,109485,0.613786775646005,-0.787373907887044
1.84777727589398,MG596803,0.180124223602484,Middle East respiratory syndrome-related coronavirus,Betacoronavirus,Betacoronavirus,30039,"Moreno,A., Lelli,D., de Sabato,L., Zaccaria,G., Boni,A., Sozzi,E., Prosperi,A., Lavazza,A., Cella,E., Castrucci,M.R., Cicozzi,M., Vaccari,G., De Sabato,L.",29258555,Italy,Pipistrellus kuhlii,unknown,2011,"Middle East respiratory syndrome-related coronavirus isolate Bat-CoV/P.khulii/Italy/206645-63/2011, complete genome",MERS,59472,0.613983444253776,-1.04138726653508
1.89987248361198,KX442564,0.180124223602484,Hypsugo bat coronavirus HKU25,Unknown,Betacoronavirus,30498,"Lau,S.K.P., Zhang,L., Luk,H.K.H., Xiong,L., Peng,X., Li,K.S.M., He,X., Zhao,P.S.-H., Fan,R.Y.Y., Wong,A.C.P., Ahmed,S.S., Cai,J.-P., Chan,J.F.W., Sun,Y., Jin,D., Chen,H., Lau,T.C.K., Kok,R.K.H., Li,W., Yuen,K.-Y., Woo,P.C.Y.","",China,Hypsugo pulveratus,feces,9/14/2013,"Hypsugo bat coronavirus HKU25 isolate YD131305, complete genome",Hypsugo bat coronavirus HKU25,867834,0.641786770031725,-0.884959637286353
1.87899965221198,KJ473821,0.161490683229814,Middle East respiratory syndrome-related coronavirus,Betacoronavirus,Betacoronavirus,30423,"Yang,L., Wu,Z., Ren,X., Yang,F., Zhang,J., He,G., Dong,J., Sun,L., Zhu,Y., Zhang,S., Jin,Q., Yang,J., Qian,Z., Du,J.","24960574, 26433221, 26262818",China,Vespertilio sinensis,unknown,"","BtVs-BetaCoV/SC2013, complete genome",MERS,105273,0.63073953533923,-1.33150754355748
2.09652093290618,JN874562,0.198757763975155,Rabbit coronavirus HKU14,Betacoronavirus,Betacoronavirus,30904,"Lau,S.K., Woo,P.C., Yip,C.C., Fan,R.Y., Huang,Y., Wang,M., Guo,R., Lam,C.S., Tsang,A.K., Lai,K.K., Chan,K.H., Che,X.Y., Zheng,B.J., Yuen,K.Y., Lau,S.K.P., Woo,P.C.Y., Yip,C.C.Y., Fan,R.Y.Y., Guo,R.T., Lam,C.S.F., Lai,K.K.Y.",22398294,China,Oryctolagus cuniculus,unknown,2007,"Rabbit coronavirus HKU14 strain HKU14-10, complete genome",Rabbit coronavirus HKU14,9986,0.740279272270548,0.046100041626223
2.14212715583938,KY994645,0.167701863354037,Betacoronavirus 1,Betacoronavirus,Betacoronavirus,30684,"Shi,J.","",China,Sus scrofa,brain,8/21/2008,"Porcine hemagglutinating encephalomyelitis virus strain JL/2008, complete genome",Betacoronavirus 1,9823,0.761799333400601,-0.466914355705826
2.11617999042898,KX432213,0.186335403726708,Betacoronavirus 1,Betacoronavirus,Betacoronavirus,30868,"Wang,Y., Lu,S., Tan,W.","",China,Canis lupus familiaris,unknown,2014,"Canine respiratory coronavirus strain BJ232, complete genome",Betacoronavirus 1,9615,0.749612572017921,-0.154932803495266
2.11282709205488,FJ938067,0.198757763975155,Betacoronavirus 1,Betacoronavirus,Betacoronavirus,30953,"Spiro,D., Halpin,R., Wang,S., Hostetler,J., Overton,L., Tsitrin,T., Sarmiento,M., Amedeo,P., Caler,E., Lorenzi,H., Schobel,S., Sundaram,J., Zhang,X., Vlasova,A., Zhang,X.M., Saif,L.","","",Homo sapiens,unknown,4/17/2009,"Human enteric coronavirus strain 4408, complete genome",Betacoronavirus 1,9606,0.748026904738945,0.0893164572108618
2.11765435142298,KU558922,0.204968944099379,Betacoronavirus 1,Betacoronavirus,Betacoronavirus,31039,"Lau,S.K., Tsang,A.K., Shakeel Ahmed,S., Mahbub Alam,M., Ahmed,Z., Wong,P.C., Yuen,K.Y., Woo,P.C., Lau,S.K.P., Tsang,A.K.L., Ahmed,S.S., Wong,P.-C., Yuen,K.-Y., Woo,P.C.Y.",27274850,Bangladesh,Bubalus bubalis,unknown,10/1/2014,"Betacoronavirus 1 isolate Buffalo coronavirus B1-24F, complete genome",Betacoronavirus 1,89462,0.750309038121483,0.228622790630978
2.11230625608208,FJ425188,0.192546583850932,Betacoronavirus 1,Betacoronavirus,Betacoronavirus,30995,"Alekseev,K.P., Vlasova,A.N., Jung,K., Hasoksuz,M., Zhang,X., Halpin,R., Wang,S., Ghedin,E., Spiro,D., Saif,L.J., Hostetler,J., Overton,L., Tsitrin,T., Sarmiento,M., Lorenzi,H., Caler,E., Sundaram,J., Hasoksus,M., Alekseev,K., Vlasova,A., Saif,L.",18842722,USA: Ohio,Rusa unicolor,unknown,1/1/1994,"Sambar deer coronavirus US/OH-WD388-TC/1994, complete genome",Betacoronavirus 1,662561,0.747780362946048,-0.0386003681409945
2.11239915860108,FJ425184,0.192546583850932,Betacoronavirus 1,Betacoronavirus,Betacoronavirus,30995,"Alekseev,K.P., Vlasova,A.N., Jung,K., Hasoksuz,M., Zhang,X., Halpin,R., Wang,S., Ghedin,E., Spiro,D., Saif,L.J., Hostetler,J., Overton,L., Tsitrin,T., Sarmiento,M., Lorenzi,H., Caler,E., Sundaram,J., Hasoksus,M., Alekseev,K., Vlasova,A., Saif,L.",18842722,USA: Ohio,Kobus ellipsiprymnus,unknown,1/1/1994,"Waterbuck coronavirus US/OH-WD358-TC/1994, complete genome",Betacoronavirus 1,9962,0.74782434353636,-0.0383550605880178
2.11295811909308,FJ425187,0.192546583850932,Betacoronavirus 1,Betacoronavirus,Betacoronavirus,31020,"Alekseev,K.P., Vlasova,A.N., Jung,K., Hasoksuz,M., Zhang,X., Halpin,R., Wang,S., Ghedin,E., Spiro,D., Saif,L.J., Hostetler,J., Overton,L., Tsitrin,T., Sarmiento,M., Lorenzi,H., Caler,E., Sundaram,J., Hasoksus,M., Alekseev,K., Vlasova,A., Saif,L.",18842722,USA: Ohio,Odocoileus virginianus,unknown,1/1/1994,"White-tailed deer coronavirus US/OH-WD470/1994, complete genome",Betacoronavirus 1,9874,0.748088917847371,-0.0368793622867895
2.11210870109218,EF424619,0.192546583850932,Betacoronavirus 1,Betacoronavirus,Betacoronavirus,30995,"Zhang,X., Hasoksuz,M., Spiro,D., Halpin,R., Wang,S., Vlasova,A., Janies,D., Jones,L.R., Ghedin,E., Saif,L.J., Alekseev,K., Saif,L.",17434558,USA:Ohio,Bos taurus,unknown,"","Bovine coronavirus E-AH187, complete genome",Betacoronavirus 1,9913,0.747686832839727,-0.0391220446487936
2.11534803145848,DQ915164,0.186335403726708,Betacoronavirus 1,Betacoronavirus,Betacoronavirus,31076,"Jin,L., Cebra,C.K., Baker,R.J., Mattson,D.E., Cohen,S.A., Alvarado,D.E., Rohrmann,G.F., Christopher,C.K., George,R.",17459444,USA,Vicugna pacos,unknown,"","Bovine coronavirus isolate Alpaca, complete genome",Betacoronavirus 1,30538,0.749219352841814,-0.157126427304586
2.11560770525998,EF424621,0.192546583850932,Betacoronavirus 1,Betacoronavirus,Betacoronavirus,30995,"Zhang,X., Hasoksuz,M., Spiro,D., Halpin,R., Wang,S., Vlasova,A., Janies,D., Jones,L., Ghedin,E., Saif,L., Alekseev,K.","",USA:Ohio,Bovidae,unknown,"","Sable antelope coronavirus US/OH1/2003, complete genome",Betacoronavirus 1,,0.749342102318757,-0.0298895550038853
2.1155170420913,EF424623,0.186335403726708,Betacoronavirus 1,Betacoronavirus,Betacoronavirus,31002,"Hasoksuz,M., Alekseev,K., Vlasova,A., Zhang,X., Spiro,D., Halpin,R., Wang,S., Ghedin,E., Saif,L.J., Janies,D., Jones,L., Saif,L.",17344285,USA:Ohio,Giraffa camelopardalis,unknown,"","Giraffe coronavirus US/OH3/2003, complete genome",Betacoronavirus 1,9894,0.74929924696747,-0.156680726755943
2.13922038190598,MN514962,0.192546583850932,Betacoronavirus 1,Betacoronavirus,Betacoronavirus,31021,"So,R.T.Y., Chu,D.K.W., Miguel,E., Perera,R.A.P.M., Oladipo,J.O., Fassi-Fihri,O., Aylet,G., Ko,R.L.W., Zhou,Z., Cheng,M.S., Kuranga,S.A., Roger,F.L., Chevalier,V., Webby,R.J., Woo,P.C.Y., Poon,L.L.M., Peiris,M., Cheng,M.-S.",31534035,Ethiopia,Camelus dromedarius,unknown,2/21/2015,"Dromedary camel coronavirus HKU23 isolate DcCoV-HKU23/camel/Ethiopia/CAC1019/2015, complete genome",Camel Betacoronavirus,9838,0.760441455137084,0.0320199658233786
2.13397178817698,KT368891,0.192546583850932,Camel coronavirus HKU23,Alphacoronavirus,Alphacoronavirus,31041,"Sabir,J.S.M., Lam,T.Y., Ahmed,M.M., Li,L., Shen,Y., AboAba,S., Qureshi,M.I., Abu-Zaid,M., Zhang,Y., Khiyami,M.A., Alharbi,N.S., Hajrah,N.H., Sabir,M.J., Mutwakil,M.H.Z., Kabli,S.A., Alsulaimany,F.A.S., Obaid,A.Y., Zhou,B., Smith,D.K., Holmes,E.C., Zhu,H., Guan,Y.","",Saudi Arabia,Camelus dromedarius,unknown,2015-03,"Camel coronavirus HKU23 isolate camel/Riyadh/Ry123/2015, complete genome",Camel coronavirus HKU23,9838,0.757984932631434,0.0183177377190805
2.13273046803768,KF906250,0.192546583850932,Betacoronavirus 1,Betacoronavirus,Betacoronavirus,31052,"Woo,P.C., Lau,S.K., Wernery,U., Wong,E.Y., Tsang,A.K., Johnson,B., Yip,C.C., Lau,C.C., Sivakumar,S., Cai,J.P., Fan,R.Y., Chan,K.H., Mareena,R., Yuen,K.Y., Woo,P.C.Y., Lau,S.K.P., Wong,E.Y.M., Tsang,A.K.L., Yip,C.C.Y., Lau,C.C.Y., Cai,J.-P., Fan,R.Y.Y., Chan,K.-H., Yuen,K.-Y.",24655427,United Arab Emirates: Dubai,Camelus bactrianus,unknown,5/15/2013,"Dromedary camel coronavirus HKU23 strain HKU23-362F, complete genome",Betacoronavirus 1,9837,0.757403068653223,0.0150721971750631
2.11781812256698,MG518518,0.198757763975155,Betacoronavirus 1,Betacoronavirus,Betacoronavirus,31034,"Kim,J.H., Jang,J.H., Yoon,S.W., Noh,J.Y., Ahn,M.J., Kim,Y., Jeong,D.G., Kim,H.K.",29508550,South Korea: Chungnam,Hydropotes inermis,unknown,2/24/2017,"Water deer coronavirus isolate W17-18, complete genome",Betacoronavirus 1,9883,0.750386371238431,0.102478503503114
2.11680043792798,MH810163,0.192546583850932,Betacoronavirus 1,Betacoronavirus,Betacoronavirus,31032,"He,Q.F., Guo,Z.J.","",China,Bos grunniens,unknown,2017,"Yak coronavirus strain YAK/HY24/CH/2017, complete genome",Betacoronavirus 1,30521,0.74990572126061,-0.0267458896876587
2.11593199594298,MF314143,0.192546583850932,Betacoronavirus 1,Betacoronavirus,Betacoronavirus,30737,"Dinwiddie,D.L., Kennedy,J.L., Schwalm,K.C., Stoner,A.N., Abramo,T.J.","","USA: Little Rock, Arkansas",Homo sapiens,oronasopharynx,3/7/2016,"Human coronavirus OC43 isolate HCoV-OC43/USA/ACRI_0052/2016, complete genome",Human coronavirus OC43,9606,0.749495375456449,-0.0290346524275792
2.17717307204198,FJ647223,0.186335403726708,Murine coronavirus,Betacoronavirus,Betacoronavirus,31386,"De Albuquerque,N., Baig,E., Ma,X., Zhang,J., He,W., Rowe,A., Habal,M., Liu,M., Shalev,I., Downey,G.P., Gorczynski,R., Butany,J., Leibowitz,J., Weiss,S.R., McGilvray,I.D., Phillips,M.J., Fish,E.N., Levy,G.A., Spiro,D., Halpin,R., Wang,S., Hostetler,J., Overton,L., Tsitrin,T., Katzel,D., Sarmiento,M., Sitz,J., Amedeo,P., Caler,E., Lorenzi,H., Schobel,S., Sundaram,J., Weiss,S.",17041219,USA: Pennsylvania,Mus musculus,unknown,"","Murine coronavirus MHV-1, complete genome",Murine coronavirus,10090,0.77802727934139,0.00356746029109308
2.19491954796498,JF792616,0.192546583850932,Murine coronavirus,Betacoronavirus,Betacoronavirus,31286,"Thor,S.W., Hilt,D.A., Kissinger,J.C., Robertson,J.S., Lemke,C., Paterson,A.H., Jackwood,M.W.","","",Rattus norvegicus,unknown,"","Rat coronavirus isolate 681, complete genome",Murine coronavirus,10116,0.786145393447665,0.175421148890356
2.28992553719158,HM034837,0.192546583850932,Human coronavirus HKU1,Betacoronavirus,Betacoronavirus,29862,"Pyrc,K., Sims,A.C., Dijkman,R., Jebbink,M., Long,C., Deming,D., Donaldson,E., Vabret,A., Baric,R., van der Hoek,L., Pickles,R.",20719951,France,Homo sapiens,oronasopharynx,3/4/2005,"Human coronavirus HKU1 isolate Caen1, complete genome",Human coronavirus HKU1,9606,0.828519300527248,0.412053095725218
2.38507557454248,KM349743,0.15527950310559,China Rattus coronavirus HKU24,Betacoronavirus,Betacoronavirus,31249,"Lau,S.K., Woo,P.C., Li,K.S., Tsang,A.K., Fan,R.Y., Luk,H.K., Cai,J.P., Chan,K.H., Zheng,B.J., Wang,M., Yuen,K.Y., Lau,S.K.P., Woo,P.C.Y., Li,K.S.M., Tsang,A.K.L., Fan,R.Y.Y., Luk,H.K.H., Cai,J.-P., Chan,K.-H., Yuen,K.-Y.",25552712,China,Rattus norvegicus,unknown,5/17/2012,"Betacoronavirus HKU24 strain HKU24-R05009I, complete genome",China Rattus coronavirus HKU24,10116,0.869230811277463,-0.120475634483794
2.36012628027988,MH687974,0.142857142857143,Betacoronavirus sp.,Betacoronavirus,Betacoronavirus,31223,"Phan,M.V.T., Tue,N.T., Anh,P.H., Baker,S., Kellam,P., Cotten,M.","",Viet Nam,Rattus argentiventer,unknown,11/12/2014,"Betacoronavirus sp. strain VZ_BetaCoV_20724_43, complete genome",Betacoronavirus sp.,83752,0.858715126199154,-0.432560876895463
2.66310583755198,NC_035191,0.118012422360248,Wencheng Sm shrew coronavirus,Alphacoronavirus,Alphacoronavirus,25995,"Wang,W., Lin,X.D., Liao,Y., Guan,X.Q., Guo,W.P., Xing,J.G., Holmes,E.C., Zhang,Y.Z., Lin,X.-D., Zhang,Y.-Z.",28637760,China,Suncus murinus,unknown,2015,"Wencheng Sm shrew coronavirus isolate Xingguo-101 ORF1ab polyprotein, spike glycoprotein, envelope protein, membrane protein, and nucleocapsid protein genes, complete cds",Wencheng Sm shrew coronavirus,9378,0.979493049771655,-0.264924346714214
2.74873045059198,NC_032730,0.118012422360248,Lucheng Rn rat coronavirus,Alphacoronavirus,Alphacoronavirus,28763,"Lin,X.D., Wang,W., Hao,Z.Y., Wang,Z.X., Guo,W.P., Guan,X.Q., Wang,M.R., Wang,H.W., Zhou,R.H., Li,M.H., Tang,G.P., Wu,J., Holmes,E.C., Zhang,Y.Z., Wang,C.Q., Ge,S., Mei,S.H., Shi,M., Lin,X.-D., Zhou,R.-H., Guo,W.-P., Zhang,Y.-Z.","28384506, 25463600",China,Rattus norvegicus,unknown,2013,"Lucheng Rn rat coronavirus isolate Lucheng-19, complete genome",Lucheng Rn rat coronavirus,10116,1.01113915075312,-0.0882309384703619
2.76057319219198,NC_034972,0.142857142857143,Coronavirus AcCoV-JC34,Alphacoronavirus,Alphacoronavirus,27682,"Ge,X.Y., Yang,W.H., Zhou,J.H., Li,B., Zhang,W., Shi,Z.L., Zhang,Y.Z., Ge,X.-Y., Zhang,Y.-Z., Yang,W.-H., Zhou,J.-H., Shi,Z.-L.",28549438,China,Apodemus chevrieri,unknown,2011-10,"Coronavirus AcCoV-JC34, complete genome",Coronavirus AcCoV-JC34,129246,1.01543833649733,0.442683441236684
2.50908247881198,MN611522,0.161490683229814,Rhinolophus affinis bat coronavirus HKU2-related,Alphacoronavirus,Alphacoronavirus,26956,"Li,B., Si,H.R., Zhu,Y., Yang,X.L., Anderson,D.E., Shi,Z.L., Wang,L.F., Zhou,P.","",China,Rhinolophus affinis,unknown,2018-03,"Rhinolophus affinis bat coronavirus HKU2-related isolate 160660, complete genome",Rhinolophus affinis bat coronavirus HKU2-related,59477,0.919917140025313,0.289054572931028
2.53101916764198,KJ473808,0.192546583850932,BtRf-AlphaCoV/YN2012,Alphacoronavirus,Alphacoronavirus,26975,"Wu,Z., Yang,L., Ren,X., He,G., Zhang,J., Yang,J., Qian,Z., Dong,J., Sun,L., Zhu,Y., Du,J., Yang,F., Zhang,S., Jin,Q.",26262818,China,Rhinolophus ferrumequinum,unknown,2012,"BtRf-AlphaCoV/YN2012, complete genome",BtRf-AlphaCoV/YN2012,59479,0.928622054684046,0.973640039543976
2.52094469983198,MF094686,0.161490683229814,Swine acute diarrhea syndrome related coronavirus,Unknown,Alphacoronavirus,27198,"Zhou,P., Fan,H., Lan,T., Yang,X.L., Shi,W.F., Zhang,W., Zhu,Y., Zhang,Y.W., Xie,Q.M., Mani,S., Zheng,X.S., Li,B., Li,J.M., Guo,H., Pei,G.Q., An,X.P., Chen,J.W., Zhou,L., Mai,K.J., Wu,Z.X., Li,D., Anderson,D.E., Zhang,L.B., Li,S.Y., Mi,Z.Q., He,T.T., Cong,F., Guo,P.J., Huang,R., Luo,Y., Liu,X.L., Chen,J., Huang,Y., Sun,Q., Zhang,X.L., Wang,Y.Y., Xing,S.Z., Chen,Y.S., Sun,Y., Li,J., Daszak,P., Wang,L.F., Shi,Z.L., Tong,Y.G., Ma,J.Y., Zhang,Y., Shailendra,M., Zheng,X., Yang,X., Pei,G., An,X., Mai,K., Wu,Z., Anderson,D., Zhang,L., Li,S., Mi,Z., He,T., Liu,X., Zhang,X., Cheng,Y., Xie,Q., Wang,L.-F., Shi,Z., Tong,Y., Ma,J.",29618817,China,Rhinolophus sp.,unknown,"","Swine acute diarrhea syndrome related coronavirus isolate 8495, complete genome",Swine acute diarrhea syndrome related coronavirus,,0.924633712158755,0.31540531135982
2.53491902128748,MH615810,0.161490683229814,Swine acute diarrhea syndrome coronavirus,Unknown,Alphacoronavirus,27184,"Kai,L.","",China,Sus scrofa,unknown,2018-03,"Swine acute diarrhea syndrome coronavirus isolate SADS-CoV-CH-FJWT-2018, complete genome",Swine acute diarrhea syndrome coronavirus,9823,0.930161692267624,0.346296064398938
2.54278463028656,MH697599,0.130434782608696,Rhinolophus bat coronavirus HKU2,Alphacoronavirus,Alphacoronavirus,27183,"Xu,Z., Zhang,Y., Gong,L., Huang,L., Lin,Y., Qin,J., Du,Y., Zhou,Q., Xue,C., Cao,Y.",30103259,China,Sus scrofa,"feces, abdominal cavity",2017-02,"UNVERIFIED_ASMBLY: Porcine enteric alphacoronavirus isolate PEAV_GDS04_P12, complete genome",Rhinolophus bat coronavirus HKU2,9823,0.93325979165669,-0.269674937706905
2.54200660762648,MK977618,0.161490683229814,Swine enteric alphacoronavirus,Alphacoronavirus,Alphacoronavirus,27155,"Yang,Y.-L., Liang,Q.-Z., Xu,S.-Y., Mazing,E., Xu,G.-H., Peng,L., Qin,P., Wang,B., Huang,Y.-W., Huang,Y.W., Yang,Y.L.","",China,Sus scrofa,unknown,2018,"Swine enteric alphacoronavirus strain SeACoV-p10, complete genome",Swine enteric alphacoronavirus,9823,0.932953772144875,0.361901382512472
2.52828664638198,MF094688,0.15527950310559,Swine acute diarrhea syndrome related coronavirus,Unknown,Alphacoronavirus,27177,"Zhou,P., Fan,H., Lan,T., Yang,X.L., Shi,W.F., Zhang,W., Zhu,Y., Zhang,Y.W., Xie,Q.M., Mani,S., Zheng,X.S., Li,B., Li,J.M., Guo,H., Pei,G.Q., An,X.P., Chen,J.W., Zhou,L., Mai,K.J., Wu,Z.X., Li,D., Anderson,D.E., Zhang,L.B., Li,S.Y., Mi,Z.Q., He,T.T., Cong,F., Guo,P.J., Huang,R., Luo,Y., Liu,X.L., Chen,J., Huang,Y., Sun,Q., Zhang,X.L., Wang,Y.Y., Xing,S.Z., Chen,Y.S., Sun,Y., Li,J., Daszak,P., Wang,L.F., Shi,Z.L., Tong,Y.G., Ma,J.Y., Zhang,Y., Shailendra,M., Zheng,X., Yang,X., Pei,G., An,X., Mai,K., Wu,Z., Anderson,D., Zhang,L., Li,S., Mi,Z., He,T., Liu,X., Zhang,X., Cheng,Y., Xie,Q., Wang,L.-F., Shi,Z., Tong,Y., Ma,J.",29618817,China,Rhinolophus,unknown,"","Swine acute diarrhea syndrome related coronavirus isolate 162140, complete genome",Swine acute diarrhea syndrome related coronavirus,,0.927541858457076,0.204953607871744
2.56832385074198,MN611517,0.149068322981366,Rousettus aegyptiacus bat coronavirus 229E-related,Alphacoronavirus,Alphacoronavirus,27619,"Li,B., Si,H.R., Zhu,Y., Yang,X.L., Anderson,D.E., Shi,Z.L., Wang,L.F., Zhou,P.","",Kenya,Rousettus aegyptiacus,unknown,2018-03,"Rousettus aegyptiacus bat coronavirus 229E-related isolate 5425, complete genome",Rousettus aegyptiacus bat coronavirus 229E-related,9407,0.943253487978522,0.166023454218449
2.57788322587198,KY073748,0.167701863354037,Human coronavirus 229E,Alphacoronavirus,Alphacoronavirus,27636,"Tao,Y., Shi,M., Chommanard,C., Queen,K., Zhang,J., Markotter,W., Kuzmin,I.V., Holmes,E.C., Tong,S., Kuzmin,I.",28077633,Kenya,Hipposideros vittatus,feces,2010-06,"229E-related bat coronavirus strain BtKY229E-8, complete genome",Human coronavirus 229E,1325445,0.946968607087661,0.567204099385188
2.62850073352498,KF514430,0.180124223602484,Human coronavirus 229E,Alphacoronavirus,Alphacoronavirus,27169,"Town,C.D., Halpin,R.A., Ransier,A., Fedorova,N., Tsitrin,T., Stockwell,T., Amedeo,P., Appalla,L., Bishop,B., Edworthy,P., Gupta,N., Hoover,J., Katzel,D., Schobel,S., Shrivastava,S., Thovarai,V., Wang,S., Talbot,H.K., Wentworth,D.E., Williams,J.V.","","USA: Nashville, TN",Homo sapiens,unknown,3/18/1993,"Human coronavirus 229E strain 229E/human/USA/933-50/1993, complete genome",Human coronavirus 229E,9606,0.966413620343326,0.931088123427903
2.61144620022698,KU291449,0.186335403726708,Human coronavirus 229E,Alphacoronavirus,Alphacoronavirus,27164,"Corman,V.M., Eckerle,I., Memish,Z.A., Liljander,A.M., Dijkman,R., Jonsdottir,H., Juma Ngeiywa,K.J., Kamau,E., Younan,M., Al Masri,M., Assiri,A., Gluecks,I., Musa,B.E., Meyer,B., Muller,M.A., Hilali,M., Bornstein,S., Wernery,U., Thiel,V., Jores,J., Drexler,J.F., Drosten,C.",27528677,Kenya,Camelus dromedarius,unknown,2015,"Camel alphacoronavirus Camel229E isolate Camel229E-CoV/KCSP1/KEN/2015, complete genome",Human coronavirus 229E,9838,0.959904167581869,1.02220870346767
2.61103051514748,JQ410000,0.192546583850932,Human coronavirus 229E,Alphacoronavirus,Alphacoronavirus,27374,"Crossley,B.M., Mock,R.B., Callison,S.A., Hietala,S.K.","",USA,Vicugna pacos,unknown,2008,"Alpaca respiratory coronavirus isolate CA08-1/2008, complete genome",Human coronavirus 229E,30538,0.959744976798249,1.14941314176403
2.59246253676198,KY073747,0.15527950310559,Human coronavirus 229E,Alphacoronavirus,Alphacoronavirus,27837,"Tao,Y., Shi,M., Chommanard,C., Queen,K., Zhang,J., Markotter,W., Kuzmin,I.V., Holmes,E.C., Tong,S., Kuzmin,I.",28077633,Kenya,Hipposideros,feces,6/20/2009,"229E-related bat coronavirus strain BtKY229E-1, complete genome",Human coronavirus 229E,,0.952608210394947,0.344983895709033
2.53216777487198,KY073745,0.130434782608696,NL63-related bat coronavirus strain BtKYNL63-9b,Alphacoronavirus,Alphacoronavirus,28679,"Tao,Y., Shi,M., Chommanard,C., Queen,K., Zhang,J., Markotter,W., Kuzmin,I.V., Holmes,E.C., Tong,S., Kuzmin,I.",28077633,Kenya,Triaenops afer,feces,6/21/2010,"NL63-related bat coronavirus strain BtKYNL63-9b, complete genome",NL63-related bat coronavirus strain BtKYNL63-9b,549403,0.929075763884494,-0.293039053695519
2.57243366754198,KF530106,0.111801242236025,Human coronavirus NL63,Alphacoronavirus,Alphacoronavirus,27401,"Town,C.D., Halpin,R.A., Ransier,A., Fedorova,N., Tsitrin,T., Stockwell,T., Amedeo,P., Appalla,L., Bishop,B., Edworthy,P., Gupta,N., Hoover,J., Katzel,D., Schobel,S., Shrivastava,S., Thovarai,V., Wang,S., Talbot,H.K., Wentworth,D.E., Williams,J.V.","","USA: Nashville, TN",Homo sapiens,unknown,12/16/1987,"Human coronavirus NL63 strain NL63/human/USA/8712-17/1987, complete genome",Human coronavirus NL63,9606,0.944852403181565,-0.585437507303527
2.61417788908198,KJ473806,0.142857142857143,Myotis ricketti alphacoronavirus Sax-2011,Alphacoronavirus,Alphacoronavirus,27935,"Wu,Z., Yang,L., Ren,X., He,G., Zhang,J., Yang,J., Qian,Z., Dong,J., Sun,L., Zhu,Y., Du,J., Yang,F., Zhang,S., Jin,Q.",26262818,China,Myotis ricketti,unknown,2011,"BtMr-AlphaCoV/SAX2011, complete genome",Myotis ricketti alphacoronavirus Sax-2011,203696,0.960949665328029,0.138173475664001
2.60816145276198,KY770851,0.136645962732919,Bat coronavirus,Unknown,Alphacoronavirus,28096,"Lin,X.D., Wang,W., Hao,Z.Y., Wang,Z.X., Guo,W.P., Guan,X.Q., Wang,M.R., Wang,H.W., Zhou,R.H., Li,M.H., Tang,G.P., Wu,J., Holmes,E.C., Zhang,Y.Z., Lin,X.-D., Hao,Z.-Y.H., Zhang,Y.-Z.",28384506,China,Myotis davidii,unknown,2013,"Bat coronavirus isolate Anlong-57, complete genome",Bat coronavirus,225400,0.958645548882152,-0.00132252710984686
2.60255679772198,KY770850,0.136645962732919,Bat coronavirus,Unknown,Alphacoronavirus,26883,"Lin,X.D., Wang,W., Hao,Z.Y., Wang,Z.X., Guo,W.P., Guan,X.Q., Wang,M.R., Wang,H.W., Zhou,R.H., Li,M.H., Tang,G.P., Wu,J., Holmes,E.C., Zhang,Y.Z., Lin,X.-D., Hao,Z.-Y.H., Zhang,Y.-Z.",28384506,China,Myotis siligorensis,unknown,2013,"Bat coronavirus isolate Anlong-43, complete genome",Bat coronavirus,258940,0.956494345561628,-0.0133292696473027
2.58586118606198,KJ473795,0.130434782608696,Bat coronavirus 1A,Alphacoronavirus,Alphacoronavirus,28310,"Wu,Z., Yang,L., Ren,X., He,G., Zhang,J., Yang,J., Qian,Z., Dong,J., Sun,L., Zhu,Y., Du,J., Yang,F., Zhang,S., Jin,Q.","26262818, 27125516",China,Miniopterus fuliginosus,unknown,2011,"BtMf-AlphaCoV/AH2011, complete genome",Bat coronavirus 1A,187007,0.950058599891873,-0.175887682149446
2.60405363437498,MN611524,0.142857142857143,Miniopterus schreibersii bat coronavirus 1-related,Alphacoronavirus,Alphacoronavirus,28316,"Li,B., Si,H.R., Zhu,Y., Yang,X.L., Anderson,D.E., Shi,Z.L., Wang,L.F., Zhou,P.","",China,Miniopterus schreibersii,unknown,2018-03,"Miniopterus schreibersii bat coronavirus 1-related isolate 161454, complete genome",Miniopterus schreibersii bat coronavirus 1-related,9433,0.957069321052404,0.116509964119283
2.57004642041198,KJ473798,0.111801242236025,Miniopterus bat coronavirus HKU8,Alphacoronavirus,Alphacoronavirus,28755,"Wu,Z., Yang,L., Ren,X., He,G., Zhang,J., Yang,J., Qian,Z., Dong,J., Sun,L., Zhu,Y., Du,J., Yang,F., Zhang,S., Jin,Q.","26262818, 27125516",China,Miniopterus fuliginosus,unknown,2013,"BtMf-AlphaCoV/HuB2013, complete genome",Miniopterus bat coronavirus HKU8,187007,0.943923961161118,-0.590634784888371
2.60984579311198,MN611518,0.111801242236025,Miniopterus pusillus bat coronavirus HKU8-related,Alphacoronavirus,Alphacoronavirus,28751,"Li,B., Si,H.R., Zhu,Y., Yang,X.L., Anderson,D.E., Shi,Z.L., Wang,L.F., Zhou,P.","",China,Miniopterus pusillus,unknown,2018-03,"Miniopterus pusillus bat coronavirus HKU8-related isolate 6610, complete genome",Miniopterus pusillus bat coronavirus HKU8-related,258934,0.959291136490269,-0.504645520397083
2.61946286612198,MK720944,0.118012422360248,Tylonycteris bat coronavirus HKU33,Alphacoronavirus,Alphacoronavirus,27636,"Lau,S.K.P., Wong,A.C.P., Zhang,L., Luk,H.K.H., Kwok,J.S.L., Ahmed,S.S., Cai,J.P., Zhao,P.S.H., Teng,J.L.L., Tsui,S.K.W., Yuen,K.Y., Woo,P.C.Y., Li,K.S.M., Cai,J.-P.",31067830,China,Tylonycteris robustula,feces,9/9/2015,"Tylonycteris bat coronavirus HKU33 strain GZ151867, complete genome",Tylonycteris bat coronavirus HKU33,526822,0.96296928382444,-0.357223051411165
2.65132565818198,KJ473809,0.130434782608696,Nyctalus velutinus alphacoronavirus SC-2013,Alphacoronavirus,Alphacoronavirus,27783,"Wu,Z., Yang,L., Ren,X., He,G., Zhang,J., Yang,J., Qian,Z., Dong,J., Sun,L., Zhu,Y., Du,J., Yang,F., Zhang,S., Jin,Q.",26262818,China,Nyctalus velutinus,unknown,2013,"BtNv-AlphaCoV/SC2013, complete genome",Nyctalus velutinus alphacoronavirus SC-2013,187011,0.975059763286187,-0.0363356003512414
2.66888215358198,MH938448,0.118012422360248,Alphacoronavirus Bat-CoV/P.kuhlii/Italy/206645-41/2011,Alphacoronavirus,Alphacoronavirus,27862,"De Sabato,L., Lelli,D., Faccin,F., Canziani,S., Di Bartolo,I., Vaccari,G., Moreno,A.",30447246,Italy,Pipistrellus kuhlii,unknown,2011,"Alphacoronavirus Bat-CoV/P.kuhlii/Italy/206645-41/2011, complete genome",Alphacoronavirus Bat-CoV/P.kuhlii,59472,0.981659715675374,-0.252824477512581
2.57542358388198,MN611525,0.149068322981366,Hipposideros pomona bat coronavirus CHB25,Alphacoronavirus,Alphacoronavirus,28169,"Li,B., Si,H.R., Zhu,Y., Yang,X.L., Anderson,D.E., Shi,Z.L., Wang,L.F., Zhou,P.","",China,Hipposideros larvatus,unknown,2018-03,"Hipposideros pomona bat coronavirus CHB25 isolate CHB0025, complete genome",Hipposideros pomona bat coronavirus CHB25,175524,0.946014019182233,0.181436874477031
2.59513846192898,JQ989271,0.142857142857143,Bat coronavirus HKU10,Alphacoronavirus,Alphacoronavirus,28489,"Lau,S.K., Li,K.S., Tsang,A.K., Shek,C.T., Wang,M., Choi,G.K., Guo,R., Wong,B.H., Poon,R.W., Lam,C.S., Wang,S.Y., Fan,R.Y., Chan,K.H., Zheng,B.J., Woo,P.C., Yuen,K.Y., Lau,S.K.P., Woo,P.C.Y., Li,K.S.M., Tsang,A.K.L., Shek,C.-T., Choi,G.K.Y., Wong,B.H.L., Poon,R.W.S., Lam,C.S.F., Wang,S.Y.H., Fan,R.Y.Y., Chan,K.-H., Zheng,B.-J., Yuen,K.-Y.",22933277,China,Rousettus leschenaultii,unknown,2005-10,"Rousettus bat coronavirus HKU10 isolate 175A, complete genome",Bat coronavirus HKU10,9408,0.953639872392473,0.0973652382782629
2.62119574544198,MN611523,0.136645962732919,Hipposideros pomona bat coronavirus HKU10-related,Alphacoronavirus,Alphacoronavirus,28514,"Li,B., Si,H.R., Zhu,Y., Yang,X.L., Anderson,D.E., Shi,Z.L., Wang,L.F., Zhou,P.","",China,Hipposideros pomona,unknown,2018-03,"Hipposideros pomona bat coronavirus HKU10-related isolate 160942, complete genome",Hipposideros pomona bat coronavirus HKU10-related,334201,0.963630605048201,0.02650196130893
2.57511570799368,JQ989269,0.142857142857143,Bat coronavirus HKU10,Alphacoronavirus,Alphacoronavirus,28492,"Lau,S.K., Li,K.S., Tsang,A.K., Shek,C.T., Wang,M., Choi,G.K., Guo,R., Wong,B.H., Poon,R.W., Lam,C.S., Wang,S.Y., Fan,R.Y., Chan,K.H., Zheng,B.J., Woo,P.C., Yuen,K.Y., Lau,S.K.P., Woo,P.C.Y., Li,K.S.M., Tsang,A.K.L., Shek,C.-T., Choi,G.K.Y., Wong,B.H.L., Poon,R.W.S., Lam,C.S.F., Wang,S.Y.H., Fan,R.Y.Y., Chan,K.-H., Zheng,B.-J., Yuen,K.-Y.",22933277,Hong Kong,Hipposideros pomona,unknown,2005-12,"Hipposideros bat coronavirus HKU10 isolate LSH5A, complete genome",Bat coronavirus HKU10,334201,0.945894468249323,0.0541312679521778
2.59996701734198,KJ473807,0.118012422360248,Rhinolophus ferrumequinum alphacoronavirus HuB-2013,Alphacoronavirus,Alphacoronavirus,27608,"Wu,Z., Yang,L., Ren,X., He,G., Zhang,J., Yang,J., Qian,Z., Dong,J., Sun,L., Zhu,Y., Du,J., Yang,F., Zhang,S., Jin,Q.",26262818,China,Rhinolophus ferrumequinum,unknown,2013,"BtRf-AlphaCoV/HuB2013, complete genome",Rhinolophus ferrumequinum alphacoronavirus HuB-2013,59479,0.955498759309273,-0.398966885945362
2.60044832970198,KJ473810,0.111801242236025,Rhinolophus ferrumequinum alphacoronavirus HuB-2013,Alphacoronavirus,Alphacoronavirus,27576,"Wu,Z., Yang,L., Ren,X., He,G., Zhang,J., Yang,J., Qian,Z., Dong,J., Sun,L., Zhu,Y., Du,J., Yang,F., Zhang,S., Jin,Q.",26262818,China,Myotis sp.,unknown,2013,"BtMs-AlphaCoV/GS2013, complete genome",Rhinolophus ferrumequinum alphacoronavirus HuB-2013,59479,0.955683864663078,-0.524824338746832
2.62583503330198,MK211373,0.118012422360248,Coronavirus BtRs-AlphaCoV/YN2018,Alphacoronavirus,Alphacoronavirus,29109,"Han,Y., Wu,Z.","",China,Cynopterus sphinx,unknown,2017-05,"Coronavirus BtRs-AlphaCoV/YN2018, complete genome",Bat Coronavirus BtRs-AlphaCoV,9400,0.965398953382552,-0.343648728596214
2.59193047640738,MK720945,0.149068322981366,Rhinolophus bat coronavirus HKU32,Alphacoronavirus,Alphacoronavirus,29201,"Lau,S.K.P., Wong,A.C.P., Zhang,L., Luk,H.K.H., Kwok,J.S.L., Ahmed,S.S., Cai,J.P., Zhao,P.S.H., Teng,J.L.L., Tsui,S.K.W., Yuen,K.Y., Woo,P.C.Y., Li,K.S.M., Cai,J.-P.",31067830,Hong Kong,Rhinolophus sinicus,feces,8/6/2015,"Rhinolophus bat coronavirus HKU32 strain TLC26A, complete genome",Rhinolophus bat coronavirus HKU32,89399,0.952402955756606,0.21711422315438
2.57707463627198,KF430219,0.118012422360248,Bat coronavirus CDPHE15,Alphacoronavirus,Alphacoronavirus,28035,"Town,C.D., Halpin,R.A., Nguyen,A., Motley,J., Ransier,A., Fedorova,N., Overton,L., Tsitrin,T., Stockwell,T., Amedeo,P., Appalla,L., Bishop,B., Edworthy,P., Gupta,N., Hoover,J., Katzel,D., Li,K., Schobel,S., Shrivastava,S., Thovarai,V., Wang,S., Dominguez,S., Wentworth,D.E., Holmes,K.","","USA: Boulder County, CO",Myotis lucifugus,unknown,8/7/2006,"Bat coronavirus CDPHE15/USA/2006, complete genome",Bat coronavirus CDPHE15,59463,0.946654893715698,-0.448399476324322
2.55184414119698,JQ023161,0.161490683229814,Porcine epidemic diarrhea virus,Alphacoronavirus,Alphacoronavirus,28029,"Park,S.J., Kim,H.K., Song,D.S., An,D.J., Park,B.K., Park,S.-J., Kim,H.-K., Song,D.-S., An,D.-J., Park,B.-K.",22532530,South Korea,Sus scrofa,unknown,2009,"Porcine epidemic diarrhea virus strain virulent DR13, complete genome",Porcine epidemic diarrhea virus,9823,0.936816290418824,0.3834930057734
2.61266708830198,MN065811,0.124223602484472,Bat alphacoronavirus,Alphacoronavirus,Alphacoronavirus,28119,"Kivisto,I., Tidenberg,E.M., Lilley,T., Suominen,K., Forbes,K.M., Vapalahti,O., Huovilainen,A., Sironen,T.",31503522,Finland: Helsinki,Myotis brandtii,feces,8/15/2016,"Bat alphacoronavirus strain BtCoV/008_16/M.bra/FIN/2016, complete genome",Bat alphacoronavirus,109478,0.960371572490529,-0.244990266415992
2.62285362218998,MH687945,0.136645962732919,Alphacoronavirus sp.,Alphacoronavirus,Alphacoronavirus,28235,"Phan,M.V.T., Tue,N.T., Anh,P.H., Baker,S., Kellam,P., Cotten,M.","",Viet Nam,Scotophilus kuhlii,unknown,9/16/2014,"Alphacoronavirus sp. strain VZ_AlphaCoV_16715_56, complete genome",Alphacoronavirus sp.,153297,0.964262893833835,0.0300312336545771
2.68442670602098,MK211369,0.130434782608696,Coronavirus BtSk-AlphaCoV/GX2018A,Alphacoronavirus,Alphacoronavirus,28303,"Han,Y., Wu,Z.","",China,Scotophilus kuhlii,unknown,2017-05,"Coronavirus BtSk-AlphaCoV/GX2018A, complete genome",Bat Coronavirus BtSk-AlphaCoV,153297,0.98746718785214,0.0329226746377511
2.68626538153898,MK211370,0.130434782608696,Coronavirus BtSk-AlphaCoV/GX2018B,Alphacoronavirus,Alphacoronavirus,28175,"Han,Y., Wu,Z.","",China,Scotophilus kuhlii,unknown,2017-05,"Coronavirus BtSk-AlphaCoV/GX2018B, complete genome",Coronavirus BtSk-AlphaCoV/GX2018B,153297,0.988151894984799,0.036744957508534
2.79658101221198,MN611521,0.136645962732919,Scotophilus kuhlii bat coronavirus 512-related,Alphacoronavirus,Alphacoronavirus,27933,"Li,B., Si,H.R., Zhu,Y., Yang,X.L., Anderson,D.E., Shi,Z.L., Wang,L.F., Zhou,P.","",China,Scotophilus kuhlii,unknown,2018-03,"Scotophilus kuhlii bat coronavirus 512-related isolate HK140714, complete genome",Scotophilus kuhlii bat coronavirus 512-related,153297,1.02839760400419,0.388306554829529
2.75356510722798,MK211372,0.124223602484472,Coronavirus BtSk-AlphaCoV/GX2018D,Alphacoronavirus,Alphacoronavirus,28238,"Han,Y., Wu,Z.","",China,Scotophilus kuhlii,unknown,2017-05,"Coronavirus BtSk-AlphaCoV/GX2018D, complete genome",Coronavirus BtSk-AlphaCoV/GX2018D,153297,1.01289647470251,0.0482370340788312
2.66542069251198,KM347965,0.15527950310559,Ferret coronavirus,Alphacoronavirus,Alphacoronavirus,28434,"Stalin Raj,V., Provacia,L.B.V., Smits,S.L., Osterhaus,A.D.M.E., Haagmans,B.L.","",Netherlands,Mustela putorius,unknown,2010,"Ferret coronavirus isolate FRCoV-NL-2010, complete genome",Ferret coronavirus,9668,0.980361903512952,0.50022007395054
2.71302073703198,KX512810,0.136645962732919,Ferret coronavirus,Alphacoronavirus,Alphacoronavirus,27987,"Palinski,R., Hause,B., Maes,R., Wise,A.","",USA: Michigan,Mustela putorius furo,unknown,2015,"Ferret systemic coronavirus strain FSCV6, complete genome",Ferret coronavirus,9669,0.998062677227376,0.218753623630022
2.63284276063198,MF113046,0.136645962732919,Alphacoronavirus Mink/China/1/2016,Alphacoronavirus,Alphacoronavirus,28924,"Wang,K., Zhuang,Q., Qiu,Y., Chen,J.","",China,Mustela lutreola,unknown,2016,"Alphacoronavirus Mink/China/1/2016, complete genome",Alphacoronavirus Mink/China/1/2016,9666,0.968064160019196,0.0512494963852583
2.67868250374198,HM245926,0.142857142857143,Alphacoronavirus 2,Alphacoronavirus,Alphacoronavirus,28915,"Vlasova,A.N., Halpin,R., Wang,S., Ghedin,E., Spiro,D.J., Saif,L.J., Spiro,D., Hostetler,J., Fedorova,N., Overton,L., Stockwell,T., Sitz,J., Katzel,D., Li,K., Axelrod,N., Safford,T., Amedeo,P., Schobel,S., Shrivastava,S., Resnick,A., Thovarai,V., Kim,M., Vlasova,A., Saif,L.",21346029,USA: Minnesota,Neovison vison,unknown,1/1/1998,"Mink coronavirus strain WD1133, complete genome",Alphacoronavirus 2,452646,0.985325070565003,0.27431241554373
2.67703338832198,HM245925,0.136645962732919,Mink coronavirus 1,Alphacoronavirus,Alphacoronavirus,28941,"Vlasova,A.N., Halpin,R., Wang,S., Ghedin,E., Spiro,D.J., Saif,L.J., Spiro,D., Hostetler,J., Fedorova,N., Overton,L., Stockwell,T., Sitz,J., Katzel,D., Li,K., Axelrod,N., Safford,T., Amedeo,P., Schobel,S., Shrivastava,S., Resnick,A., Thovarai,V., Kim,M., Vlasova,A., Saif,L.",21346029,USA: Wisconsin,Neovison vison,unknown,1/1/1998,"Mink coronavirus strain WD1127, complete genome",Mink coronavirus 1,452646,0.984709236751053,0.144176496868726
2.60927965918198,NC_028806,0.124223602484472,Alphacoronavirus 1,Alphacoronavirus,Alphacoronavirus,28111,"Boniotti,M.B., Papetti,A., Lavazza,A., Alborali,G., Sozzi,E., Chiapponi,C., Faccini,S., Bonilauri,P., Cordioli,P., Marthaler,D.","",Italy,Sus scrofa,unknown,9/4/2009,"Swine enteric coronavirus strain Italy/213306/2009, complete genome",Alphacoronavirus 1,9823,0.959074190591039,-0.252234675406234
2.66732807219698,GQ152141,0.105590062111801,Alphacoronavirus 1,Alphacoronavirus,Alphacoronavirus,28897,"Hsieh,L.E., Lin,C.N., Su,B.L., Jan,T.R., Chen,C.M., Wang,C.H., Lin,D.S., Lin,C.T., Chueh,L.L., Chang,R.Y.",20603153,Taiwan,Felis catus,lung,2007-09,"Feline coronavirus strain FCoV/NTU156/P/2007, complete genome",Alphacoronavirus 1,9685,0.981077249331964,-0.509732279187589
2.64544104814049,KC175339,0.111801242236025,Alphacoronavirus 1,Alphacoronavirus,Alphacoronavirus,29270,"Town,C.D., Halpin,R.A., Motley,J., Ransier,A., Fedorova,N., Overton,L., Tsitrin,T., Stockwell,T., Amedeo,P., Bishop,B., Chen,H., Edworthy,P., Gupta,N., Katzel,D., Li,K., Schobel,S., Shrivastava,S., Thovarai,V., Wang,S., Regan,A., Wentworth,D.E., Whittaker,G.","",Germany,Canis lupus familiaris,unknown,1971,"Canine coronavirus strain 171, complete genome",Alphacoronavirus 1,9615,0.972837799288583,-0.428896373151844
2.82113062850798,MH817484,0.142857142857143,Feline alphacoronavirus 1,Alphacoronavirus,Alphacoronavirus,29137,"Barros,B.C.V., Castro,C.M.O., Pereira,D., Ribeiro,L.G., Junior,J.W.D., Casseb,S.M.M., Holanda,G.M., Cruz,A.C.R., Junior,E.C.S., Mascarenhas,J.D.P.","",Brazil,Felis catus,unknown,2015,"Feline Alphacoronavirus 1 strain FCoV-SB22, complete genome",Feline alphacoronavirus 1,9685,1.03713773669325,0.564188954105137
2.81459507657198,DQ848678,0.142857142857143,Alphacoronavirus 1,Alphacoronavirus,Alphacoronavirus,29277,"Dye,C., Siddell,S.G.","","",Felis Catus,abdominal cavity,"","Feline coronavirus strain FCoV C1Je, complete genome",Alphacoronavirus 1,9685,1.03481840633272,0.551193412253385
2.66890502828028,MN690608,0.0993788819875776,Bottlenose dolphin coronavirus,Unknown,Gammacoronavirus,31728,"Wang,L., Novick,B., Parry,C., McClain,A., Ross,K.","",USA,Tursiops truncatus,feces,"","Bottlenose dolphin coronavirus strain 37112-1, complete genome",Bottlenose dolphin coronavirus,9739,0.981668286529745,-0.633471731049089
2.66884805276198,EU111742,0.105590062111801,Beluga whale coronavirus SW1,Gammacoronavirus,Gammacoronavirus,31686,"Mihindukulasuriya,K.A., Wu,G., St Leger,J., Nordhausen,R.W., Wang,D., St. Leger,J.",18353961,"",Delphinapterus leucas,unknown,"","Coronavirus SW1, complete genome",Beluga whale coronavirus SW1,9749,0.981646938401633,-0.506545414902644
2.51546504275198,MK359255,0.111801242236025,Canada goose coronavirus,Gammacoronavirus,Gammacoronavirus,28539,"Papineau,A., Berhane,Y., Wylie,T.N., Wylie,K.M., Sharpe,S., Lung,O., Wylie,T., Wylie,K.",30976080,Canada,Branta canadensis,feces,2017-08,"Canada goose coronavirus strain Cambridge_Bay_2017, complete genome",Canada goose coronavirus,8853,0.922457694113252,-0.710883704865685
2.47537936495198,KM454473,0.167701863354037,Avian coronavirus,Gammacoronavirus,Gammacoronavirus,27754,"Zhuang,Q.Y., Wang,K.C., Liu,S., Hou,G.Y., Jiang,W.M., Wang,S.C., Li,J.P., Yu,J.M., Chen,J.M., Zhuang,Q., Wang,K., Hou,G., Jiang,W., Wang,S., Li,J., Yu,J., Chen,J.",26053682,China,Anatidae,unknown,2014,"Duck coronavirus isolate DK/GD/27/2014, complete genome",Avian coronavirus,,0.90639366304314,0.340224660743277
2.51658927736508,GU393338,0.111801242236025,Avian coronavirus,Gammacoronavirus,Gammacoronavirus,27515,"Thor,S.W., Hilt,D.A., Kissinger,J.C., Paterson,A.H., Jackwood,M.W.",21994806,USA,Gallus gallus,unknown,1964,"Infectious bronchitis virus serotype JMK, complete genome",Avian coronavirus,9031,0.922904523404148,-0.70837890756866
2.65499465132698,MK423877,0.130434782608696,Avian coronavirus,Gammacoronavirus,Gammacoronavirus,27652,"Xu,L., Ren,M., Jiang,L., Han,Z., Liu,S.","",China,Phasianus colchicus,unknown,2017,"Pheasant coronavirus strain gammaCoV/ph/China/I0623/17, complete genome",Avian coronavirus,9054,0.976442640125764,-0.0286166904745696
2.61671049187498,JF705860,0.105590062111801,Avian coronavirus,Gammacoronavirus,Gammacoronavirus,27673,"Yao,S., Liu,X., Zhao,S., Wang,X., Zhou,X.","",China,Anas platyrhynchos,unknown,2004-05,"Duck coronavirus isolate DK/CH/HN/ZZ2004, complete genome",Avian coronavirus,8839,0.961917991473206,-0.616965324670452
2.50882016817198,KR822424,0.142857142857143,Avian coronavirus,Gammacoronavirus,Gammacoronavirus,27739,"Brown,P.A., Touzain,F., Briand,F.X., Ar Gouilh,M., Courtillon,C., Allee,C., Lemaitre,E., De Boisseson,C., Blanchard,Y., Eterradossi,N., Briand,F.-X.",26585962,France,Meleagris gallopavo,unknown,2008,"European turkey coronavirus 080385d, complete genome",Avian coronavirus,9103,0.919812590113251,-0.0914299177988952
3.13388510365198,NC_016995,0.0869565217391304,Wigeon coronavirus HKU20,Deltacoronavirus,Deltacoronavirus,26227,"Woo,P.C., Lau,S.K., Lam,C.S., Lau,C.C., Tsang,A.K., Lau,J.H., Bai,R., Teng,J.L., Tsang,C.C., Wang,M., Zheng,B.J., Chan,K.H., Yuen,K.Y., Woo,P.C.Y., Lau,S.K.P., Lam,C.S.F., Lau,C.C.Y., Tsang,A.K.L., Lau,J.H.N., Teng,J.L.L., Tsang,C.C.C., Zheng,B.-J., Chan,K.-H., Yuen,K.-Y.",22278237,China: Hong Kong,Anas penelope,unknown,2008,"Wigeon coronavirus HKU20, complete genome",Wigeon coronavirus HKU20,8838,1.14227348201481,0.0105930360642814
3.30860834725198,NC_016994,0.124223602484472,Night heron coronavirus HKU19,Deltacoronavirus,Deltacoronavirus,26077,"Woo,P.C., Lau,S.K., Lam,C.S., Lau,C.C., Tsang,A.K., Lau,J.H., Bai,R., Teng,J.L., Tsang,C.C., Wang,M., Zheng,B.J., Chan,K.H., Yuen,K.Y., Woo,P.C.Y., Lau,S.K.P., Lam,C.S.F., Lau,C.C.Y., Tsang,A.K.L., Lau,J.H.N., Teng,J.L.L., Tsang,C.C.C., Zheng,B.-J., Chan,K.-H., Yuen,K.-Y.",22278237,China: Hong Kong,Nycticorax nycticorax,unknown,2007,"Night-heron coronavirus HKU19, complete genome",Night heron coronavirus HKU19,8901,1.19652766208307,1.07855037148771
3.30009979795198,NC_016996,0.136645962732919,Common moorhen coronavirus HKU21,Deltacoronavirus,Deltacoronavirus,26223,"Woo,P.C., Lau,S.K., Lam,C.S., Lau,C.C., Tsang,A.K., Lau,J.H., Bai,R., Teng,J.L., Tsang,C.C., Wang,M., Zheng,B.J., Chan,K.H., Yuen,K.Y., Woo,P.C.Y., Lau,S.K.P., Lam,C.S.F., Lau,C.C.Y., Tsang,A.K.L., Lau,J.H.N., Teng,J.L.L., Tsang,C.C.C., Zheng,B.-J., Chan,K.-H., Yuen,K.-Y.",22278237,China: Hong Kong,Gallinula chloropus,unknown,2007,"Common-moorhen coronavirus HKU21, complete genome",Common moorhen coronavirus HKU21,9123,1.19395270981879,1.32111348591339
3.41148294013198,FJ376622,0.105590062111801,Munia coronavirus HKU13,Deltacoronavirus,Deltacoronavirus,26552,"Woo,P.C., Lau,S.K., Lam,C.S., Lai,K.K., Huang,Y., Lee,P., Luk,G.S., Dyrting,K.C., Chan,K.H., Yuen,K.Y., Woo,P.C.Y., Lau,S.K.P., Lam,C.S.F., Lai,K.K.Y., Luk,G.",18971277,Hong Kong,Lonchura striata,unknown,2007-04,"Munia coronavirus HKU13-3514, complete genome",Munia coronavirus HKU13,40157,1.22714707656671,0.86752175928986
3.50679952093198,NC_016993,0.111801242236025,Magpie-robin coronavirus HKU18,Deltacoronavirus,Deltacoronavirus,26689,"Woo,P.C., Lau,S.K., Lam,C.S., Lau,C.C., Tsang,A.K., Lau,J.H., Bai,R., Teng,J.L., Tsang,C.C., Wang,M., Zheng,B.J., Chan,K.H., Yuen,K.Y., Woo,P.C.Y., Lau,S.K.P., Lam,C.S.F., Lau,C.C.Y., Tsang,A.K.L., Lau,J.H.N., Teng,J.L.L., Tsang,C.C.C., Zheng,B.-J., Chan,K.-H., Yuen,K.-Y.",22278237,China: Hong Kong,Copsychus saularis,unknown,2007,"Magpie-robin coronavirus HKU18, complete genome",Magpie-robin coronavirus HKU18,343929,1.25470380412112,1.15139491793308
3.40275235485198,MG812378,0.062111801242236,Sparrow deltacoronavirus,Deltacoronavirus,Deltacoronavirus,25685,"Chen,Q., Wang,L., Yang,C., Zheng,Y., Gauger,P.C., Anderson,T., Harmon,K.M., Zhang,J., Yoon,K.J., Main,R.G., Li,G.",29872066,USA: MN,Passeridae,feces,2017,"Sparrow deltacoronavirus strain ISU73347, complete genome",Sparrow deltacoronavirus,,1.22458462027359,-0.0365533188644703
3.40716969070198,MG812377,0.0745341614906832,Sparrow deltacoronavirus,Deltacoronavirus,Deltacoronavirus,25710,"Chen,Q., Wang,L., Yang,C., Zheng,Y., Gauger,P.C., Anderson,T., Harmon,K.M., Zhang,J., Yoon,K.J., Main,R.G., Li,G.",29872066,USA: IL,Passer montanus,feces,2017,"Sparrow deltacoronavirus strain ISU42824, complete genome",Sparrow deltacoronavirus,9160,1.22588194392575,0.224336536943132
3.47082640741198,MH532440,0.111801242236025,Quail deltacoronavirus,Deltacoronavirus,Deltacoronavirus,25881,"Domanska-Blicharz,K., Kuczkowski,M., Sajewicz-Krukowska,J.","",Poland,Coturnix japonica,unknown,3/3/2015,"Quail deltacoronavirus strain G032/2015, complete genome",Quail deltacoronavirus,93934,1.24439272335933,1.09296250757949
3.49530719228198,NC_016992,0.0993788819875776,Sparrow coronavirus HKU17,Deltacoronavirus,Deltacoronavirus,26083,"Woo,P.C., Lau,S.K., Lam,C.S., Lau,C.C., Tsang,A.K., Lau,J.H., Bai,R., Teng,J.L., Tsang,C.C., Wang,M., Zheng,B.J., Chan,K.H., Yuen,K.Y., Woo,P.C.Y., Lau,S.K.P., Lam,C.S.F., Lau,C.C.Y., Tsang,A.K.L., Lau,J.H.N., Teng,J.L.L., Tsang,C.C.C., Zheng,B.-J., Chan,K.-H., Yuen,K.-Y.",22278237,China: Hong Kong,Passer montanus,unknown,2007,"Sparrow coronavirus HKU17, complete genome",Sparrow coronavirus HKU17,9160,1.25142126661066,0.876596647144039
3.41496200005048,KP757890,0.062111801242236,Coronavirus HKU15,Deltacoronavirus,Deltacoronavirus,25420,"Dong,N., Fang,L., Zeng,S., Sun,Q., Chen,H., Xiao,S.",26584185,China,Sus scrofa,abdominal cavity,5/24/2004,"Porcine deltacoronavirus isolate CHN-AH-2004, complete genome",Coronavirus HKU15,9823,1.22816636559642,-0.0165346756012059
3.38904242656198,NC_016991,0.093167701863354,White-eye coronavirus HKU16,Deltacoronavirus,Deltacoronavirus,26041,"Woo,P.C., Lau,S.K., Lam,C.S., Lau,C.C., Tsang,A.K., Lau,J.H., Bai,R., Teng,J.L., Tsang,C.C., Wang,M., Zheng,B.J., Chan,K.H., Yuen,K.Y., Woo,P.C.Y., Lau,S.K.P., Lam,C.S.F., Lau,C.C.Y., Tsang,A.K.L., Lau,J.H.N., Teng,J.L.L., Tsang,C.C.C., Zheng,B.-J., Chan,K.-H., Yuen,K.-Y.",22278237,China: Hong Kong,Zosterops japonicus,unknown,2007,"White-eye coronavirus HKU16, complete genome",White-eye coronavirus HKU16,36299,1.22054741144947,0.57549336865211
3.45194902644198,FJ376621,0.0869565217391304,Thrush coronavirus HKU12,Deltacoronavirus,Deltacoronavirus,26396,"Woo,P.C., Lau,S.K., Lam,C.S., Lai,K.K., Huang,Y., Lee,P., Luk,G.S., Dyrting,K.C., Chan,K.H., Yuen,K.Y., Woo,P.C.Y., Lau,S.K.P., Lam,C.S.F., Lai,K.K.Y., Luk,G.",18971277,Hong Kong,Turdus hortulorum,unknown,2007-01,"Thrush coronavirus HKU12-600, complete genome",Thrush coronavirus HKU12,411519,1.23893900672803,0.551475897276237
3.36935884532198,FJ376619,0.111801242236025,Bulbul coronavirus HKU11,Deltacoronavirus,Deltacoronavirus,26487,"Woo,P.C., Lau,S.K., Lam,C.S., Lai,K.K., Huang,Y., Lee,P., Luk,G.S., Dyrting,K.C., Chan,K.H., Yuen,K.Y., Woo,P.C.Y., Lau,S.K.P., Lam,C.S.F., Lai,K.K.Y., Luk,G.",18971277,Hong Kong,Pycnonotus jocosus,unknown,2007-01,"Bulbul coronavirus HKU11-934, complete genome",Bulbul coronavirus HKU11,182897,1.2147224726501,0.925263466986469
3.37224522158198,FJ376620,0.124223602484472,Bulbul coronavirus HKU11,Deltacoronavirus,Deltacoronavirus,26476,"Woo,P.C., Lau,S.K., Lam,C.S., Lai,K.K., Huang,Y., Lee,P., Luk,G.S., Dyrting,K.C., Chan,K.H., Yuen,K.Y., Woo,P.C.Y., Lau,S.K.P., Lam,C.S.F., Lai,K.K.Y., Luk,G.",18971277,Hong Kong,Pycnonotus sinensis,unknown,2007-01,"Bulbul coronavirus HKU11-796, complete genome",Bulbul coronavirus HKU11,125283,1.21557876038451,1.18650155358579
